key,ja,en
home_intro_1,少女は鏡の外へと誘われた,The girl was invited beyond the mirror
home_intro_2,"まるで最初から、","As though it had been decided from the very beginning,"
home_intro_3,そう決まっていたかのように,that it would happen this way.
home_you_too,そして、あなたも。,And you, too.
home_welcome,"鏡の向こうの世界、『鏡外』へようこそ。","Welcome to the world beyond the mirror, “Kagamito”."
home_author,作者の時雨々と申します。,"My name is Shigure-ame, the creator."
home_about,"『鏡外』は、日本神話における三種の神器の1つ、八咫鏡の向こう側にある世界を描く、時雨々による一次創作作品です。","“Kagamito” is an original work by Shigure-ame, depicting a world beyond the Yata no Kagami, one of the Three Sacred Treasures of Japanese mythology."
home_guide,"このHPはそんな『鏡外』を楽しむ為の入口です。キャラクター設定や音楽、ショートストーリーなどを通して、少しでも『鏡外』に興味を持ってくださったら幸いです。","This website is your gateway to “Kagamito”. Through character profiles, music, short stories, and more, I hope you will find something here that sparks your interest in Kagamito."
home_about_nav,鏡外という世界に触れる,Enter the world of Kagamito
home_works_nav,作品そのものを知る,Discover the works
home_characters_nav,キャラクターに親しむ,Meet the characters
home_songs_nav,楽曲を聴く,Listen to the music
home_glossary_nav,用語を調べる,Explore the glossary
